Name,Price,Phone Number
2021 Acura ILX,USD 21599,17866554549
2021 Acura RDX,USD 24950,14023822475
2021 Acura ILX,USD 19495,19733545697
2020 Acura RDX,USD 29573,17813860576
2020 Acura RDX,USD 33888,19254212462
2020 Acura MDX,USD 24500,13053767606
2022 Acura MDX,USD 41000,19549535976
2021 Acura RDX,USD 33995,19737219621
2021 Acura RDX,USD 27000,18337780373
2020 Acura MDX,USD 30995,15162713670
2020 Acura RDX,USD 26600,13174893757
2013 Acura TL,USD 12950,14238050118
2021 Acura RDX,USD 36988,16306860056
2022 Acura MDX,USD 44900,15134405315
2021 Acura TLX,USD 28995,18482060219
2017 Acura NSX,USD 146995,15037664883
2020 Acura MDX,USD 32900,18478071754
2017 Acura NSX,USD 144000,13303026062
2020 Acura MDX,USD 34995,14252509398
2012 Acura TSX,USD 8995,19803685277
2022 Acura RDX,USD 31900,18329243855
2022 Acura MDX,USD 36500,18013932999
2021 Acura TLX,USD 27999,16108798233
2012 Acura MDX,USD 13995,16465128420
2020 Acura MDX,USD 31500,12012926009
2021 Acura RDX,USD 37844,19802701678
2023 Acura TLX,USD 43300,15866972833
2021 Acura TLX,USD 33532,19083650322
2021 Acura RDX,USD 27950,19522606398
2022 Acura MDX,USD 49016,12563740232
2021 Acura TLX,USD 32595,14106913526
2014 Acura RLX,USD 16996,17038549040
2021 Acura TLX,USD 34992,16084805146
2021 Acura TLX,USD 29999,17702855730
2021 Acura TLX,USD 32762,17865098110
2021 Acura RDX,USD 28200,18336311605
2014 Acura RDX,USD 14995,14079746760
2021 Acura TLX,USD 31995,19083567458
2020 Acura MDX,USD 29378,17706912316
2020 Acura RDX,USD 32995,14139615537
2020 Acura MDX,USD 31988,19132258209
2021 Acura TLX,USD 32495,16097913035
2020 Acura MDX,USD 24500,13852658515
2015 Acura TLX,USD 14995,18135438985
2021 Acura RDX,USD 24445,17185687491
2023 Acura Integra,USD 26000,12088671888
2013 Acura RDX,USD 10499,18135476187
2021 Acura TLX,USD 29995,19097669294
2022 Acura MDX,USD 50050,19146003589
2021 Acura RDX,USD 30890,14344046126
2020 Acura MDX,USD 29975,13032236352
2020 Acura RDX,USD 28297,16147216553
2013 Acura RDX,USD 12795,15402742897
2012 Acura TL,USD 15900,16109474849
2022 Acura MDX,USD 46610,17402724429
2013 Acura ILX,USD 11598,19166753844
2013 Acura RDX,USD 10970,17188663982
2020 Acura MDX,USD 28479,14702915970
2018 Acura MDX,USD 20995,17183015156
2014 Acura RLX,USD 13990,18135366190
2020 Acura TLX,USD 20614,12013477205
2022 Acura MDX,USD 46995,12158838317
2023 Acura Integra,USD 26800,12107645613
2021 Acura ILX,USD 22994,18135442530
2021 Acura TLX,USD 33995,12037179626
2020 Acura TLX,USD 25499,19739658709
2016 Acura MDX,USD 17500,17209285739
2020 Acura TLX,USD 27392,12814663563
2022 Acura MDX,USD 43991,16786751097
2021 Acura TLX,USD 29495,17035742959
2021 Acura ILX,USD 23688,19543712791
2021 Acura ILX,USD 22699,19196291557
2020 Acura TLX,USD 26994,19198423470
2021 Acura RDX,USD 35977,16058639130
2014 Acura MDX,USD 14990,17172976835
2012 Acura MDX,USD 10900,19146701413
2020 Acura RDX,USD 33500,13605268684
2015 Acura MDX,USD 18979,15713646472
2014 Acura RLX,USD 13995,18176787591
2023 Acura MDX,USD 46971,18174096596
2022 Acura TLX,USD 31200,19704602161
2021 Acura TLX,USD 36514,17073773970
2021 Acura TLX,USD 30000,17028669694
2021 Acura TLX,USD 31290,18432584576
2021 Acura RDX,USD 29000,13172883291
2021 Acura RDX,USD 30380,14402524890
2020 Acura MDX,USD 28399,19543887072
2021 Acura RDX,USD 32996,19097643155
2012 Acura MDX,USD 10995,15083885996
2014 Acura TL,USD 12450,14125047357
2012 Acura TSX,USD 12995,13155243350
2012 Acura MDX,USD 15999,13606142301
2012 Acura TL,USD 11495,19493535490
2020 Acura RDX,USD 32350,16308350081
2020 Acura MDX,USD 28300,16106012922
2014 Acura MDX,USD 14900,16029753423
2016 Acura TLX,USD 13999,19168914330
2013 Acura ILX,USD 10995,15162711229
2021 Acura RDX,USD 31995,15706090701
2016 Acura TLX,USD 18995,15865718514
2020 Acura MDX,USD 27597,13362492591
2020 Acura MDX,USD 33901,18653441891
2018 Acura ILX,USD 15995,19735325084
2015 Acura TLX,USD 11895,19808888256
2013 Acura TL,USD 13695,19788207131
2014 Acura RDX,USD 13995,19713512952
2015 Acura TLX,USD 19990,17742207803
2022 Acura MDX,USD 39979,14692084970
2022 Acura MDX,USD 43000,15512927486
2021 Acura TLX,USD 34990,17706379029
2021 Acura TLX,USD 35994,15046841974
2021 Acura ILX,USD 23688,19542808491
2023 Acura TLX,USD 49600,19202892311
2015 Acura RDX,USD 13895,12676997587
2020 Acura MDX,USD 26995,12167126224
2012 Acura MDX,USD 9999,17203408497
2012 Acura MDX,USD 8999,18605904224
2013 Acura ILX,USD 10995,16783361984
2016 Acura ILX,USD 13999,14079746393
2021 Acura TLX,USD 33502,16084805463
2020 Acura MDX,USD 24300,12197960835
2021 Acura TLX,USD 24999,17542128461
2020 Acura ILX,USD 24995,18013832932
2012 Acura TSX,USD 8995,14025133430
2014 Acura MDX,USD 17500,14084971032
2022 Acura MDX,USD 46386,14693924609
2015 Acura RDX,USD 12995,14797779585
2014 Acura MDX,USD 15990,19192768159
2014 Acura MDX,USD 16295,15404015541
2021 Acura RDX,USD 29915,12565983547
2014 Acura MDX,USD 14800,16129791832
2021 Acura RDX,USD 33140,18477449571
2020 Acura MDX,USD 28558,19132706003
2021 Acura TLX,USD 27800,12153986547
2020 Acura MDX,USD 29537,14104497328
2021 Acura ILX,USD 21500,15083885293
2016 Acura RDX,USD 15688,15617084595
2017 Acura ILX,USD 12995,18015154743
2014 Acura MDX,USD 12987,14232057338
2012 Acura TSX,USD 8995,16787838832
2014 Acura MDX,USD 12500,15168826467
2020 Acura RDX,USD 26950,17189253319
2020 Acura RDX,USD 32220,16783361494
2020 Acura MDX,USD 31295,18056670555
2021 Acura RDX,USD 34213,12699324249
2021 Acura ILX,USD 21500,14104067474
2022 Acura MDX,USD 39700,19737182719
2021 Acura TLX,USD 30275,13213295935
2021 Acura RDX,USD 27350,19417406155
2023 Acura Integra,USD 27995,17325378248
2020 Acura MDX,USD 28994,17327241818
2012 Acura MDX,USD 10495,12192853542
2014 Acura RDX,USD 13699,15134343523
2012 Acura TL,USD 11495,16304267497
2024 Acura Integra,USD 52900,16162192256
2013 Acura RDX,USD 10995,17743003099
2018 Acura RDX,USD 19995,14695522850
2021 Acura TLX,USD 32900,12253074506
2013 Acura ILX,USD 10987,19495418547
2015 Acura TLX,USD 16999,15109074022
2021 Acura TLX,USD 27455,16162059969
2012 Acura MDX,USD 14999,18605304528
2020 Acura MDX,USD 27352,15165183574
2020 Acura RDX,USD 22999,15106166914
2023 Acura TLX,USD 40000,16062686738
2021 Acura TLX,USD 29374,13034952050
2021 Acura ILX,USD 21495,18043733077
2020 Acura MDX,USD 30239,16303150176
2014 Acura RDX,USD 13799,19543291056
2021 Acura RDX,USD 34988,18652850016
2015 Acura MDX,USD 13980,16232446143
2012 Acura TL,USD 9900,17403040084
2013 Acura RDX,USD 9999,12017206621
2014 Acura MDX,USD 13992,16784987976
2020 Acura TLX,USD 24998,13364894824
2015 Acura TLX,USD 19995,14792394563
2013 Acura TSX,USD 11995,13093620676
2022 Acura MDX,USD 35688,15622628452
2023 Acura RDX,USD 43332,12694313033
2020 Acura MDX,USD 23850,14696096447
2022 Acura ILX,USD 22995,16783361761
2022 Acura MDX,USD 43900,13057486597
2020 Acura MDX,USD 26285,13473259584
2021 Acura TLX,USD 28477,19739658560
2020 Acura MDX,USD 24773,19545162890
2021 Acura TLX,USD 35991,12532860235
2022 Acura MDX,USD 41499,12674522036
2020 Acura TLX,USD 22495,16606280564
2014 Acura ILX,USD 9995,17022976382
2013 Acura RDX,USD 11995,15107563811
2012 Acura MDX,USD 12995,19166337270
2012 Acura MDX,USD 8900,19083411315
2024 Acura MDX,USD 68995,17753125626
2016 Acura ILX,USD 17000,17707664642
2017 Acura NSX,USD 129900,12148172463
2020 Acura RDX,USD 29995,13178861806
2015 Acura TLX,USD 13900,16024617391
2023 Acura RDX,USD 38995,18327894501
2014 Acura RLX,USD 16498,17722777765
2021 Acura TLX,USD 31995,18647322295
2021 Acura TLX,USD 34198,13163303852
2021 Acura TLX,USD 30888,18475652215
2020 Acura TLX,USD 23975,13176473265
2021 Acura RDX,USD 30000,16312848709
2016 Acura ILX,USD 13000,16364424973
2022 Acura MDX,USD 43705,17727743893
2021 Acura TLX,USD 29722,13018885893
2021 Acura RDX,USD 37073,18285322349
2020 Acura MDX,USD 28920,18669203416
2020 Acura ILX,USD 22350,17089428373
2015 Acura TLX,USD 13999,15138084565
2015 Acura MDX,USD 15990,15404130694
2012 Acura MDX,USD 10900,18284142929
2022 Acura MDX,USD 41718,17042759313
2009 Acura TL,USD 8995,19739658607
2015 Acura TLX,USD 17450,12532592567
2013 Acura TL,USD 13997,18602002903
2015 Acura TLX,USD 16995,19194464348
2012 Acura TSX,USD 12900,13862107993
2013 Acura TL,USD 14750,14702062772
